id,learningTaskId,type,status,payload,targetId,reviewedAt,createdAt,updatedAt
1,0,knowledge,approved,"{""title"":""开头语"",""content"":""您好，我是您的专属客服，很高兴为您服务~"",""keywords"":[""您好"",""我是您的专属客服"",""很高兴为您服务""],""category"":""通用""}",137,2026-06-06T06:50:17.987Z,2026-06-06T03:35:39.246Z,2026-06-06T06:50:17.987Z
2,0,knowledge,approved,"{""title"":""承接语"",""content"":""您好，请问还有其他需要为您服务的吗？"",""keywords"":[""您好""],""category"":""通用""}",136,2026-06-06T06:50:17.980Z,2026-06-06T03:35:39.246Z,2026-06-06T06:50:17.980Z
3,0,knowledge,approved,"{""title"":""结束语"",""content"":""感谢您对山姆会员商店的支持，祝您生活愉快，再见！"",""keywords"":[""祝您生活愉快"",""再见""],""category"":""通用""}",135,2026-06-06T06:50:17.972Z,2026-06-06T03:35:39.246Z,2026-06-06T06:50:17.972Z
4,0,knowledge,approved,"{""title"":""等待语"",""content"":""尊敬的会员，为了更好更准确地解答您的问题，需要为您核实一下，可能需要一点时间，请您耐心等待哦～"",""keywords"":[""尊敬的会员"",""需要为您核实一下"",""可能需要一点时间"",""请您耐心等待哦""],""category"":""通用""}",134,2026-06-06T06:50:17.963Z,2026-06-06T03:35:39.246Z,2026-06-06T06:50:17.963Z
5,0,knowledge,approved,"{""title"":"""",""content"":"""",""keywords"":[""客服""],""category"":""通用""}",133,2026-06-06T06:50:17.955Z,2026-06-06T03:35:39.246Z,2026-06-06T06:50:17.955Z
6,0,knowledge,approved,"{""title"":""等待歉语"",""content"":""非常抱歉让您久等了，感谢您的理解与支持"",""keywords"":[""客服""],""category"":""通用""}",132,2026-06-06T06:50:17.947Z,2026-06-06T03:35:39.246Z,2026-06-06T06:50:17.947Z
7,0,knowledge,approved,"{""title"":""非常感谢您的耐心等待"",""content"":""非常感谢您的耐心等待"",""keywords"":[""客服""],""category"":""通用""}",131,2026-06-06T06:50:17.939Z,2026-06-06T03:35:39.246Z,2026-06-06T06:50:17.939Z
8,0,knowledge,approved,"{""title"":""问卡号"",""content"":""为了保证会员信息安全，辛苦您提供一下您的会员卡号，我为您处理问题"",""keywords"":[""我为您处理问题""],""category"":""通用""}",130,2026-06-06T06:50:17.932Z,2026-06-06T03:35:39.246Z,2026-06-06T06:50:17.932Z
9,0,knowledge,approved,"{""title"":""非食安工单联系时效"",""content"":""这边为您反馈后，预计24小时内会通过短信或者电话的形式联系您，辛苦您保持电话畅通"",""keywords"":[""这边为您反馈后""],""category"":""通用""}",129,2026-06-06T06:50:17.923Z,2026-06-06T03:35:39.246Z,2026-06-06T06:50:17.923Z
10,0,knowledge,approved,"{""title"":""邀评1"",""content"":""为您服务是我的荣幸，这都是我应该做的 。若有所怠慢的地方，还请多多担怠海涵，如果您对我们的服务满意，烦请您在稍后推送的服务评价中给个鼓励哦~"",""keywords"":[""这都是我应该做的"",""若有所怠慢的地方"",""还请多多担怠海涵""],""category"":""通用""}",128,2026-06-06T06:50:17.916Z,2026-06-06T03:35:39.246Z,2026-06-06T06:50:17.916Z
11,0,knowledge,approved,"{""title"":""建议1"",""content"":""非常理解您的心情，您也是我们的会员用户，肯定经常购买我们的产品，您说的这个我了解了，你们的需求我们都会收集下来，也是作为提升咱们会员满意度的建议～"",""keywords"":[""非常理解您的心情""],""category"":""通用""}",127,2026-06-06T06:50:15.458Z,2026-06-06T03:35:39.246Z,2026-06-06T06:50:15.458Z
12,0,knowledge,approved,"{""title"":""建议2"",""content"":""亲爱的会员，我也会作为消费者所以非常能理解您的心情，客服会把您的情况反应到相关部门加强优化。"",""keywords"":[""亲爱的会员""],""category"":""通用""}",126,2026-06-06T06:50:15.450Z,2026-06-06T03:35:39.246Z,2026-06-06T06:50:15.450Z
13,0,knowledge,approved,"{""title"":""建议3"",""content"":""您好，非常抱歉给您带来的不便，感谢您一直的支持，我们也会尽力优化流程，争取给您带来更好的客户体验~"",""keywords"":[""您好"",""感谢您一直的支持""],""category"":""通用""}",125,2026-06-06T06:50:15.443Z,2026-06-06T03:35:39.246Z,2026-06-06T06:50:15.443Z
14,0,knowledge,approved,"{""title"":""普通安抚1"",""content"":""非常抱歉给您带来不便，同样作为消费者，我与您感同身受，我们非常渴望得到您的支持与理解，我们也会不断的改善。"",""keywords"":[""同样作为消费者"",""我与您感同身受""],""category"":""通用""}",124,2026-06-06T06:50:15.437Z,2026-06-06T03:35:39.246Z,2026-06-06T06:50:15.437Z
15,0,knowledge,approved,"{""title"":""普通安抚2"",""content"":""真心抱歉，这次可能没有达到您的期望，我们还有上升空间，我们努力完善，争取早日给您提供更好的体验，还请您见谅~"",""keywords"":[""真心抱歉"",""我们还有上升空间"",""我们努力完善"",""还请您见谅""],""category"":""通用""}",123,2026-06-06T06:50:15.430Z,2026-06-06T03:35:39.246Z,2026-06-06T06:50:15.430Z
16,0,knowledge,approved,"{""title"":""会员很生气安抚1"",""content"":""您好，给您带来这么多的麻烦实在是非常抱歉，我如果是您也很生气，请您先消消气给我几分钟时间给您反馈处理可以吗"",""keywords"":[""您好""],""category"":""通用""}",122,2026-06-06T06:50:15.422Z,2026-06-06T03:35:39.246Z,2026-06-06T06:50:15.422Z
17,0,knowledge,approved,"{""title"":""会员生气要求加急安抚2"",""content"":""我非常理解您的心情，确实这个问题需要一些时间处理，我刚刚为您加急催促了，辛苦您等待一会，后续专员会尽快联系您"",""keywords"":[""辛苦您等待一会""],""category"":""通用""}",121,2026-06-06T06:50:15.416Z,2026-06-06T03:35:39.246Z,2026-06-06T06:50:15.416Z
18,0,knowledge,approved,"{""title"":""马上联系安抚1"",""content"":""您消消气，我明白你的意思，我已经给您直接反馈到为您处理此事的专员处，您稍等片刻专员会尽快给您打电话的"",""keywords"":[""您消消气"",""我明白你的意思""],""category"":""通用""}",120,2026-06-06T06:50:15.410Z,2026-06-06T03:35:39.246Z,2026-06-06T06:50:15.410Z
19,0,knowledge,approved,"{""title"":""不打电话就不走安抚2"",""content"":""抱歉会员，我们很重视您的问题，我明白您想要解决问题的心情，同样我也很急切希望能够帮助到您，但是确实我暂时无法帮到您，所以我为您反馈到了对应专员处，希望可以给到您一个满意的答复"",""keywords"":[""抱歉会员""],""category"":""通用""}",119,2026-06-06T06:50:15.402Z,2026-06-06T03:35:39.246Z,2026-06-06T06:50:15.402Z
20,0,knowledge,approved,"{""title"":""长时间没人联系处理安抚1"",""content"":""非常抱歉会员，我收到您的信息马上去核实了，确实给您带来不好的体验了，您看您什么时候方便，我帮您加急催促处理的专员尽快联系您"",""keywords"":[""非常抱歉会员""],""category"":""通用""}",118,2026-06-06T06:50:15.396Z,2026-06-06T03:35:39.246Z,2026-06-06T06:50:15.396Z
21,0,knowledge,approved,"{""title"":""长时间没人联系处理安抚2"",""content"":""我明白您的心情，我确实已经给您加急反馈了，专员那边联系可能没有那么快，但是您放心，我知道您是担心您的事情不会处理，山姆这边秉承会员第一的经验理念，一定会为您处理好的"",""keywords"":[""我明白您的心情"",""但是您放心""],""category"":""通用""}",117,2026-06-06T06:50:13.289Z,2026-06-06T03:35:39.246Z,2026-06-06T06:50:13.289Z
22,0,knowledge,approved,"{""title"":""确认问题"",""content"":""会员请问是遇到了什么问题呢？在线客服也可以为您处理"",""keywords"":[""客服""],""category"":""通用""}",116,2026-06-06T06:50:13.282Z,2026-06-06T03:35:39.246Z,2026-06-06T06:50:13.282Z
23,0,knowledge,approved,"{""title"":""要求升级"",""content"":""您先别着急，您描述一下遇到了什么事情呢，客服这边会如实记录为您处理的"",""keywords"":[""您先别着急""],""category"":""通用""}",115,2026-06-06T06:50:13.275Z,2026-06-06T03:35:39.246Z,2026-06-06T06:50:13.275Z
24,0,knowledge,approved,"{""title"":""一直要电话客服"",""content"":""山姆客服热线电话：4006336868"",""keywords"":[""山姆客服热线电话""],""category"":""通用""}",114,2026-06-06T06:50:13.267Z,2026-06-06T03:35:39.246Z,2026-06-06T06:50:13.267Z
25,0,knowledge,approved,"{""title"":""阶段1：客户谩骂，共情"",""content"":""会员，我特别理解您现在的心情，也了解您希望解决这个问题的迫切感。"",""keywords"":[""会员""],""category"":""通用""}",113,2026-06-06T06:50:13.260Z,2026-06-06T03:35:39.246Z,2026-06-06T06:50:13.260Z
26,0,knowledge,approved,"{""title"":""阶段2：客户持续谩骂，第一次提醒"",""content"":""会员，我知道您现在很生气，但一直这样的话，也既解决不了问题，您稍微冷静下"",""keywords"":[""会员"",""但一直这样的话"",""也既解决不了问题"",""您稍微冷静下""],""category"":""通用""}",112,2026-06-06T06:50:13.253Z,2026-06-06T03:35:39.246Z,2026-06-06T06:50:13.253Z
27,0,knowledge,approved,"{""title"":""阶段3：客户仍持续谩骂，第二次提醒"",""content"":""实在抱歉，您现在的情绪比较激动，说的这些话也影响我们正常沟通了。如果您一直这样确实无法继续为您服务。"",""keywords"":[""实在抱歉""],""category"":""通用""}",111,2026-06-06T06:50:13.246Z,2026-06-06T03:35:39.246Z,2026-06-06T06:50:13.246Z
28,0,knowledge,approved,"{""title"":""阶段4：仍无改善，礼貌挂机话术"",""content"":""很抱歉，由于您一直使用不恰当的语言，我暂时无法继续为您服务，祝您生活愉快，再见。"",""keywords"":[""很抱歉"",""祝您生活愉快"",""再见""],""category"":""通用""}",110,2026-06-06T06:50:13.239Z,2026-06-06T03:35:39.246Z,2026-06-06T06:50:13.239Z
29,0,knowledge,approved,"{""title"":""等待语"",""content"":""尊敬的会员，为了更好更准确地解答您的问题，需要为您核实一下，可能需要一点时间，请您耐心等待哦～"",""keywords"":[""尊敬的会员"",""需要为您核实一下"",""可能需要一点时间"",""请您耐心等待哦""],""category"":""通用""}",109,2026-06-06T06:50:13.232Z,2026-06-06T03:35:39.246Z,2026-06-06T06:50:13.232Z
30,0,knowledge,approved,"{""title"":""恶劣天气"",""content"":""我十分理解您的心情，了解到您所在城市存在特殊天气情况导致配送受到影响，目前配送会有所延迟，但是请您不用担心，我们也是在全力配送您的商品，请您耐心等待。"",""keywords"":[""但是请您不用担心"",""请您耐心等待""],""category"":""通用""}",108,2026-06-06T06:50:13.226Z,2026-06-06T03:35:39.246Z,2026-06-06T06:50:13.226Z
31,0,knowledge,approved,"{""title"":""非常抱歉给您带来不好的购物体验…"",""content"":""非常抱歉给您带来不好的购物体验，做为消费者我迫切理解您着急想收到商品的心情，对于物流没有能及时将商品送到您手上，我们也深感抱歉，您的商品由于受到（天气）的客观影响，我们正在竭尽全力的寻求解决办法，将尽快的把商品送到您的手上。"",""keywords"":[""我们也深感抱歉""],""category"":""通用""}",107,2026-06-06T06:50:11.163Z,2026-06-06T03:35:39.246Z,2026-06-06T06:50:11.163Z
32,0,knowledge,approved,"{""title"":""待（天气状况好转）后我们将第一…"",""content"":""待（天气状况好转）后我们将第一时间配送您的商品，在此也非常感谢您的耐心等候。"",""keywords"":[""客服""],""category"":""通用""}",106,2026-06-06T06:50:11.155Z,2026-06-06T03:35:39.246Z,2026-06-06T06:50:11.155Z
33,0,knowledge,approved,"{""title"":""您着急的心情我十分理解因为您配…"",""content"":""您着急的心情我十分理解，因为您配送地址所在的云仓正好遇到了暴雨，骑手在路上的骑行会受到影响，所以配送时效上会有所滞缓，还请您谅解。"",""keywords"":[""还请您谅解""],""category"":""通用""}",105,2026-06-06T06:50:11.149Z,2026-06-06T03:35:39.246Z,2026-06-06T06:50:11.149Z
34,0,knowledge,approved,"{""title"":""非常抱歉让您久等了我查询了您的…"",""content"":""非常抱歉让您久等了，我查询了您的订单状况，目前是待配送的情况，由于极速达订单需由骑手接待后放可配送，目前因为天气原因，各区的运力都有所下降，给您带来不便，我们也非常抱歉。"",""keywords"":[""目前因为天气原因"",""给您带来不便"",""我们也非常抱歉""],""category"":""通用""}",104,2026-06-06T06:50:11.143Z,2026-06-06T03:35:39.246Z,2026-06-06T06:50:11.143Z
35,0,knowledge,approved,"{""title"":""为什么会有定时达配送方式了呢？"",""content"":""会员您好，目前对于可支持配送的各收货城市将逐步试行升级同城次日配送时效，可以选择次日任一小时送达，具体详见确认订单页面“定时达”可选配送时段。"",""keywords"":[""会员您好""],""category"":""通用""}",103,2026-06-06T06:50:11.136Z,2026-06-06T03:35:39.246Z,2026-06-06T06:50:11.136Z
36,0,knowledge,approved,"{""title"":""运费标准、包邮吗？"",""content"":""会员您好，购满 299元免20KG运费，每增加100元，可增加减免5KG运费，以此类推;超过重量按1元/KG加收续重运费，重量不足1KG按照1KG计收重量费用。运费规则具体您可以在订单结算页面查看哦。"",""keywords"":[""会员您好"",""购满"",""每增加100元"",""以此类推""],""category"":""通用""}",102,2026-06-06T06:50:11.127Z,2026-06-06T03:35:39.246Z,2026-06-06T06:50:11.127Z
37,0,knowledge,approved,"{""title"":""哪些地方有定时达？"",""content"":""会员您好，目前定时达覆盖城市有限，具体以您下单为准。"",""keywords"":[""会员您好"",""具体以您下单为准""],""category"":""通用""}",101,2026-06-06T06:50:11.119Z,2026-06-06T03:35:39.246Z,2026-06-06T06:50:11.119Z
38,0,knowledge,approved,"{""title"":""定时达和全城配有什么区别？"",""content"":""会员您好，时效提升到可以选择次日任一小时送达"",""keywords"":[""会员您好""],""category"":""通用""}",100,2026-06-06T06:50:11.113Z,2026-06-06T03:35:39.246Z,2026-06-06T06:50:11.113Z
39,0,knowledge,approved,"{""title"":""为什么我住的这里没有定时达?"",""content"":""非常抱歉，因配送区域有限，目前我们对于配送区域也在改善，建议您后续关注，如您方便建议可以选择其他配送方式进行选购您心意的商品"",""keywords"":[""非常抱歉"",""因配送区域有限"",""建议您后续关注""],""category"":""通用""}",99,2026-06-06T06:50:11.106Z,2026-06-06T03:35:39.246Z,2026-06-06T06:50:11.106Z
40,0,knowledge,approved,"{""title"":""追问更多"",""content"":""更多相关内容和规则在APP-我的-帮助中心-配送服务里面有说明展示，您也可以在APP内查看，感谢您的理解和支持"",""keywords"":[""客服""],""category"":""通用""}",98,2026-06-06T06:50:11.100Z,2026-06-06T03:35:39.246Z,2026-06-06T06:50:11.100Z
41,0,knowledge,approved,"{""title"":""不能极速达/不能当天送达"",""content"":""会员您好，极速达的辐射范围是3-5公里，超出就无法配送了，您下单的时候就可以选择，如果不行的话，就是超出范围无法配送了，您也可以选择咱们的全城配或者全国配下单，也是很方便的。"",""keywords"":[""会员您好"",""超出就无法配送了"",""如果不行的话"",""也是很方便的""],""category"":""通用""}",97,2026-06-06T06:50:08.916Z,2026-06-06T03:35:39.246Z,2026-06-06T06:50:08.916Z
42,0,knowledge,approved,"{""title"":""以前可以极速达"",""content"":""极速达的配送是需要参考门店库存及范围的，您填写地址后系统会自动判断您当前地址是否能支持，如果没有显示就是不支持的呢"",""keywords"":[""客服""],""category"":""通用""}",96,2026-06-06T06:50:08.909Z,2026-06-06T03:35:39.246Z,2026-06-06T06:50:08.909Z
43,0,knowledge,approved,"{""title"":""理解您的心情可能是配送区域调整…"",""content"":""理解您的心情，可能是配送区域调整，您可以将地址删除，重新添加收货地址，按照省市区定位填写再尝试一下呢"",""keywords"":[""理解您的心情"",""您可以将地址删除"",""重新添加收货地址""],""category"":""通用""}",95,2026-06-06T06:50:08.902Z,2026-06-06T03:35:39.246Z,2026-06-06T06:50:08.902Z
44,0,knowledge,approved,"{""title"":""同一个小区别人行，我不行"",""content"":""可能您的定位配送范围的边缘，建议您可以定位在小区门口看一下是否能出现极速达的商品推送，后续您在地址门牌号处填写详细楼栋地址即可（注意距离最好在50米内）"",""keywords"":[""客服""],""category"":""通用""}",94,2026-06-06T06:50:08.894Z,2026-06-06T03:35:39.246Z,2026-06-06T06:50:08.894Z
45,0,knowledge,approved,"{""title"":""我建议极速达**"",""content"":""非常理解您的心情，您也是我们的会员用户，肯定经常购买我们的产品，您说的这个我了解了，你们的需求我们都会收集下来，也是作为提升咱们会员满意度的建议"",""keywords"":[""非常理解您的心情""],""category"":""通用""}",93,2026-06-06T06:50:08.886Z,2026-06-06T03:35:39.246Z,2026-06-06T06:50:08.886Z
46,0,knowledge,approved,"{""title"":""不认可我现在不能使用极速达"",""content"":""您先别着急会员，您的问题我马上为您记录反馈，"",""keywords"":[""您先别着急会员""],""category"":""通用""}",92,2026-06-06T06:50:08.876Z,2026-06-06T03:35:39.246Z,2026-06-06T06:50:08.876Z
47,0,knowledge,approved,"{""title"":""确认时时效内还是时效外"",""content"":""您的订单号提供一下呢，我马上帮您看看是什么情况哈"",""keywords"":[""客服""],""category"":""通用""}",91,2026-06-06T06:50:08.868Z,2026-06-06T03:35:39.246Z,2026-06-06T06:50:08.868Z
48,0,knowledge,approved,"{""title"":""【时效内】"",""content"":""您先别着急，查看您的期望配送时间是xxx，目前还在配送范围内，建议您再耐心等待下，若后续商品到货，物流小哥也会第一时间与您联系"",""keywords"":[""您先别着急"",""若后续商品到货""],""category"":""通用""}",90,2026-06-06T06:50:08.860Z,2026-06-06T03:35:39.246Z,2026-06-06T06:50:08.860Z
49,0,knowledge,approved,"{""title"":""看到您的订单目前还是时效内的订…"",""content"":""看到您的订单，目前还是时效内的订单，您放心，配送小哥会按系统规划路线来给您配送的，如果超时没有送到，您就马上联系我，我这边第一时间给您处理。"",""keywords"":[""看到您的订单"",""您放心"",""如果超时没有送到"",""您就马上联系我""],""category"":""通用""}",89,2026-06-06T06:50:08.851Z,2026-06-06T03:35:39.246Z,2026-06-06T06:50:08.851Z
50,0,knowledge,approved,"{""title"":""【时效外】"",""content"":""抱歉让你久等了，看到您的订单的确已经超时了，我马上帮您登记反馈，会尽快给您回电处理，您保持手机畅通"",""keywords"":[""抱歉让你久等了"",""您保持手机畅通""],""category"":""通用""}",88,2026-06-06T06:50:08.844Z,2026-06-06T03:35:39.246Z,2026-06-06T06:50:08.844Z
51,0,knowledge,approved,"{""title"":""非常抱歉未能让您按时收到商品我…"",""content"":""非常抱歉未能让您按时收到商品，我们会将您的订单情况反应至物流进行核实，在获取物流回复后，我们会第一时间与您联系告知当前进度，还请您保持电话畅通，谢谢。"",""keywords"":[""在获取物流回复后"",""谢谢""],""category"":""通用""}",87,2026-06-06T06:50:06.439Z,2026-06-06T03:35:39.246Z,2026-06-06T06:50:06.439Z
52,0,knowledge,approved,"{""title"":""有配送联系方式"",""content"":""您如果确实比较着急，也可以联系我们配送小哥的电话，看看能不能加急先送您的单子，如果您联系不上小哥，可能这会在骑行路上，不方便接听，但是您放心，我们会在指定时间送达您的商品的。"",""keywords"":[""不方便接听"",""但是您放心""],""category"":""通用""}",86,2026-06-06T06:50:06.432Z,2026-06-06T03:35:39.246Z,2026-06-06T06:50:06.432Z
53,0,knowledge,approved,"{""title"":""没有配送的联系方式"",""content"":""你可以随时关注一下物流页面，等配送员的联系方式出来后可以和配送员协商有是否能先送您这一单"",""keywords"":[""客服""],""category"":""通用""}",85,2026-06-06T06:50:06.425Z,2026-06-06T03:35:39.246Z,2026-06-06T06:50:06.425Z
54,0,knowledge,approved,"{""title"":""告知加急"",""content"":""好的，这边会帮您记录加急的"",""keywords"":[""好的""],""category"":""通用""}",84,2026-06-06T06:50:06.417Z,2026-06-06T03:35:39.246Z,2026-06-06T06:50:06.417Z
55,0,knowledge,approved,"{""title"":""不要小票"",""content"":""会员您好，商品配送时都会有小票，如果不想要小票，可以关注下物流信息，待配送员配送时尝试联系配送小哥将小票信息撕掉"",""keywords"":[""会员您好"",""如果不想要小票""],""category"":""通用""}",83,2026-06-06T06:50:06.409Z,2026-06-06T03:35:39.246Z,2026-06-06T06:50:06.409Z
56,0,knowledge,approved,"{""title"":""提前送达了"",""content"":""抱歉会员，可能小哥路途比较快给你提早送到，您先检查下商品呢，如果商品有任何问题都可以联系我们处理的"",""keywords"":[""抱歉会员"",""您先检查下商品呢""],""category"":""通用""}",82,2026-06-06T06:50:06.403Z,2026-06-06T03:35:39.246Z,2026-06-06T06:50:06.403Z
57,0,knowledge,approved,"{""title"":""要求极速达和全城配一起配送"",""content"":""亲爱的会员，因极速达订单是从仓库发货，全城配订单是从门店发货，两个订单发货地址不一样，所以无法为您一起配送，感谢您的理解。"",""keywords"":[""亲爱的会员"",""感谢您的理解""],""category"":""通用""}",81,2026-06-06T06:50:06.396Z,2026-06-06T03:35:39.246Z,2026-06-06T06:50:06.396Z
58,0,knowledge,approved,"{""title"":""告知无法催促的原因（解决40%不满）"",""content"":""理解您的着急，目前这个时段订单量较大，咱们的骑手按目前是按最优路径在加紧给大家配送的，保证在规定时间内给您送达到。"",""keywords"":[""理解您的着急""],""category"":""通用""}",80,2026-06-06T06:50:06.388Z,2026-06-06T03:35:39.246Z,2026-06-06T06:50:06.388Z
59,0,knowledge,approved,"{""title"":""非常抱歉让您久等了非常理解您的…"",""content"":""非常抱歉让您久等了，非常理解您的心情，因为现在也是配送的高峰期，配送小哥已经在全力配送了，如果没有在配送时间到达耽误您的使用了，您可以随时联系我，我第一时间给您处理好。"",""keywords"":[""非常理解您的心情"",""您可以随时联系我""],""category"":""通用""}",79,2026-06-06T06:50:06.382Z,2026-06-06T03:35:39.246Z,2026-06-06T06:50:06.382Z
60,0,knowledge,approved,"{""title"":""未收到电话被拒收了/未联系上拒收"",""content"":""非常抱歉给您带来不好的购物体验，咱们的配送员为了保证商品能够安全送达至您的手中，会优先电话联系您，未联系上您的情况下配送员会将商品带回仓，若您仍然需要商品，我帮您反馈二次配送您看可以吗"",""keywords"":[""会优先电话联系您"",""若您仍然需要商品""],""category"":""通用""}",78,2026-06-06T06:50:06.375Z,2026-06-06T03:35:39.246Z,2026-06-06T06:50:06.375Z
61,0,knowledge,approved,"{""title"":""要求退款"",""content"":""非常抱歉让您久等了，看到目前您的订单已经拒收，等待商品拒收回店会尽快给您处理退款的，如您使用的是微信支付，商品回仓后24小时内就会给您处理退款，辛苦您耐心等待，感谢您的理解"",""keywords"":[""辛苦您耐心等待"",""感谢您的理解""],""category"":""通用""}",77,2026-06-06T06:50:04.145Z,2026-06-06T03:35:39.246Z,2026-06-06T06:50:04.145Z
62,0,knowledge,approved,"{""title"":""未发货"",""content"":""尊敬的会员，您好\n极速达订单：若订单尚未发货，您可以点击【查询订单】后在【期望配送时间】最右侧点击“修改”后选择新的配送时间~\n若无法修改配送时间，建议您取消订单重新下单。"",""keywords"":[""尊敬的会员"",""您好"",""极速达订单"",""若订单尚未发货""],""category"":""通用""}",76,2026-06-06T06:50:04.139Z,2026-06-06T03:35:39.246Z,2026-06-06T06:50:04.139Z
63,0,knowledge,approved,"{""title"":""已发货"",""content"":""若订单已发货，暂不支持修改配送时间，若您不方便签收商品，建议您拒收后方便收货时再下单"",""keywords"":[""若订单已发货""],""category"":""通用""}",75,2026-06-06T06:50:04.130Z,2026-06-06T03:35:39.246Z,2026-06-06T06:50:04.130Z
64,0,knowledge,approved,"{""title"":""资源上限"",""content"":"""",""keywords"":[""客服""],""category"":""通用""}",74,2026-06-06T06:50:04.123Z,2026-06-06T03:35:39.246Z,2026-06-06T06:50:04.123Z
65,0,knowledge,approved,"{""title"":""确认时时效内还是时效外"",""content"":""您的订单号提供一下呢，我马上帮您看看是什么情况"",""keywords"":[""客服""],""category"":""通用""}",73,2026-06-06T06:50:04.117Z,2026-06-06T03:35:39.246Z,2026-06-06T06:50:04.117Z
66,0,knowledge,approved,"{""title"":""【时效内】"",""content"":""看到您的订单，目前还是时效内的订单，您放心，配送小哥会按系统规划路线来给您配送的，如果超时没有送到，您就马上联系我，我这边第一时间给您处理。"",""keywords"":[""看到您的订单"",""您放心"",""如果超时没有送到"",""您就马上联系我""],""category"":""通用""}",72,2026-06-06T06:50:04.110Z,2026-06-06T03:35:39.246Z,2026-06-06T06:50:04.110Z
67,0,knowledge,approved,"{""title"":""【时效外】"",""content"":""抱歉让你久等了，看到您的订单的确已经超时了，我马上帮您登记反馈，会尽快给您回电处理"",""keywords"":[""抱歉让你久等了""],""category"":""通用""}",71,2026-06-06T06:50:04.103Z,2026-06-06T03:35:39.246Z,2026-06-06T06:50:04.103Z
68,0,knowledge,approved,"{""title"":""显示包裹不齐"",""content"":""确实非常抱歉，给您添麻烦了，目前是因为您下单购买的多个商品，导致没有同时到达您当地集散地，所以可能需要等待您的商品全部到达之后一起给您配送，以免出现多次让您取件的情况，感谢您的理解。"",""keywords"":[""确实非常抱歉"",""给您添麻烦了"",""感谢您的理解""],""category"":""通用""}",70,2026-06-06T06:50:04.096Z,2026-06-06T03:35:39.246Z,2026-06-06T06:50:04.096Z
69,0,knowledge,approved,"{""title"":""为什么不是当天送达"",""content"":""查询到您的订单是【全城配】订单，全城配订单当日16点前下单次日送达，16点后下单是隔日送到哦，您的订单预计**送达"",""keywords"":[""客服""],""category"":""通用""}",69,2026-06-06T06:50:04.090Z,2026-06-06T03:35:39.246Z,2026-06-06T06:50:04.090Z
70,0,knowledge,approved,"{""title"":""查询到您的订单是【生鲜特送】订…"",""content"":""查询到您的订单是【生鲜特送】订单，生鲜特送订单当日21点前下单次日送达，21点后下单是隔日送到哦，您的订单预计**送达"",""keywords"":[""客服""],""category"":""通用""}",68,2026-06-06T06:50:04.083Z,2026-06-06T03:35:39.246Z,2026-06-06T06:50:04.083Z
71,0,knowledge,approved,"{""title"":""有联系方式"",""content"":""您如果确实比较着急，也可以联系我们配送小哥的电话，看看能不能加急先送您的单子，如果您联系不上小哥，可能这会在骑行路上，不方便接听，但是您放心，我们会在指定时间送达您的商品的。"",""keywords"":[""不方便接听"",""但是您放心""],""category"":""通用""}",67,2026-06-06T06:50:01.348Z,2026-06-06T03:35:39.246Z,2026-06-06T06:50:01.348Z
72,0,knowledge,approved,"{""title"":""没有配送的联系方式"",""content"":""你可以随时关注一下物流页面，等配送员的联系方式出来后可以和配送员协有是否能先送您这一单"",""keywords"":[""客服""],""category"":""通用""}",66,2026-06-06T06:50:01.341Z,2026-06-06T03:35:39.246Z,2026-06-06T06:50:01.341Z
73,0,knowledge,approved,"{""title"":""告知加急"",""content"":""好的，这边会帮您记录加急的"",""keywords"":[""好的""],""category"":""通用""}",65,2026-06-06T06:50:01.335Z,2026-06-06T03:35:39.246Z,2026-06-06T06:50:01.335Z
74,0,knowledge,approved,"{""title"":""备注指定送达时间"",""content"":""亲爱的会员，我们无法备注配送时间，如果您有特殊需求，避免时间差，建议您也可以关注订单全程跟踪物流信息，有配送员电话更新后，您可以与配送员联系确定实际配送情况及您的具体需求，感谢您的理解。"",""keywords"":[""亲爱的会员"",""如果您有特殊需求"",""避免时间差"",""感谢您的理解""],""category"":""通用""}",64,2026-06-06T06:50:01.328Z,2026-06-06T03:35:39.246Z,2026-06-06T06:50:01.328Z
75,0,knowledge,approved,"{""title"":""告知无法催促的原因（解决40%不满）"",""content"":""理解您的着急，目前这个时段订单量较大，咱们的骑手按目前是按最优路径在加紧给大家配送的，保证在规定时间内给您送达到。"",""keywords"":[""理解您的着急""],""category"":""通用""}",63,2026-06-06T06:50:01.322Z,2026-06-06T03:35:39.246Z,2026-06-06T06:50:01.322Z
76,0,knowledge,approved,"{""title"":""非常抱歉让您久等了非常理解您的…"",""content"":""非常抱歉让您久等了，非常理解您的心情，因为现在也是配送的高峰期，配送小哥已经在全力配送了，如果没有在配送时间到达耽误您的使用了，您可以随时联系我，我第一时间给您处理好。"",""keywords"":[""非常理解您的心情"",""您可以随时联系我""],""category"":""通用""}",62,2026-06-06T06:50:01.316Z,2026-06-06T03:35:39.246Z,2026-06-06T06:50:01.316Z
77,0,knowledge,approved,"{""title"":""如果下次您比较着急的单子可以提…"",""content"":""如果下次您比较着急的单子，可以提前下单，也可以购买极速达的类似产品，这样也不会耽误您的使用，一般我们全城配的订单，16点之前下单的商品，次日都是可以到的"",""keywords"":[""可以提前下单"",""次日都是可以到的""],""category"":""通用""}",61,2026-06-06T06:50:01.309Z,2026-06-06T03:35:39.246Z,2026-06-06T06:50:01.309Z
78,0,knowledge,approved,"{""title"":""未发货"",""content"":""全城配订单暂不支持修改配送时间，建议您取消订单后重新下单。"",""keywords"":[""客服""],""category"":""通用""}",60,2026-06-06T06:50:01.302Z,2026-06-06T03:35:39.246Z,2026-06-06T06:50:01.302Z
79,0,knowledge,approved,"{""title"":""已发货"",""content"":""若订单已发货，暂不支持修改配送时间，若您不方便签收商品，建议您拒收后方便收货时再下单"",""keywords"":[""若订单已发货""],""category"":""通用""}",59,2026-06-06T06:50:01.296Z,2026-06-06T03:35:39.246Z,2026-06-06T06:50:01.296Z
80,0,knowledge,approved,"{""title"":""确认时时效内还是时效外"",""content"":""您的订单号提供一下呢，我马上帮您看看是什么情况哈"",""keywords"":[""客服""],""category"":""通用""}",58,2026-06-06T06:50:01.289Z,2026-06-06T03:35:39.246Z,2026-06-06T06:50:01.289Z
81,0,knowledge,approved,"{""title"":""【时效内】一直未发货/无物流信息"",""content"":""查询到您的订单预计**送达，我们会根据您的地址及配送时间进行配送的，还请您放心，会按照预计时间送达的"",""keywords"":[""还请您放心""],""category"":""通用""}",57,2026-06-06T06:49:59.319Z,2026-06-06T03:35:39.246Z,2026-06-06T06:49:59.319Z
82,0,knowledge,approved,"{""title"":""【时效内】为什么没物流"",""content"":"""",""keywords"":[""客服""],""category"":""通用""}",56,2026-06-06T06:49:59.313Z,2026-06-06T03:35:39.246Z,2026-06-06T06:49:59.313Z
83,0,knowledge,approved,"{""title"":""时效外催单"",""content"":""抱歉让你久等了，看到您的订单的确已经超时了，我马上帮您登记反馈，会尽快给您回电处理"",""keywords"":[""抱歉让你久等了""],""category"":""通用""}",55,2026-06-06T06:49:59.306Z,2026-06-06T03:35:39.246Z,2026-06-06T06:49:59.306Z
84,0,knowledge,approved,"{""title"":""部分商品全国配没有"",""content"":""亲爱的会员，仓库无货的情况下无法购买，并且部分商品全国配的仓库不售卖所以也无法使用该配送方式，所以以您下单配送方式为准哦，感谢您的理解。"",""keywords"":[""亲爱的会员"",""感谢您的理解""],""category"":""通用""}",54,2026-06-06T06:49:59.299Z,2026-06-06T03:35:39.246Z,2026-06-06T06:49:59.299Z
85,0,knowledge,approved,"{""title"":""确认时时效内还是时效外"",""content"":""您的订单号提供一下呢，我马上帮您看看是什么情况哈"",""keywords"":[""客服""],""category"":""通用""}",53,2026-06-06T06:49:59.293Z,2026-06-06T03:35:39.246Z,2026-06-06T06:49:59.293Z
86,0,knowledge,approved,"{""title"":""全球购订单校验不通过"",""content"":""查询到您的订单为【全球购】订单，显示需要认证，您可以下载APP“掌上海关”/小程序，在“跨境电商个人消费信息”里面“跨境电商个人交易确认”里验证，验证后会为您发货配送的哦"",""keywords"":[""显示需要认证""],""category"":""通用""}",52,2026-06-06T06:49:59.286Z,2026-06-06T03:35:39.246Z,2026-06-06T06:49:59.286Z
87,0,knowledge,approved,"{""title"":""时效内催单"",""content"":""查询到您的订单预计**送达，我们会根据您的地址及配送时间进行配送的，还请您放心，会按照预计时间送达的"",""keywords"":[""还请您放心""],""category"":""通用""}",51,2026-06-06T06:49:59.279Z,2026-06-06T03:35:39.246Z,2026-06-06T06:49:59.279Z
88,0,knowledge,approved,"{""title"":""时效外催单"",""content"":""抱歉让你久等了，看到您的订单的确已经超时了，我马上帮您登记反馈，会尽快给您回电处理"",""keywords"":[""抱歉让你久等了""],""category"":""通用""}",50,2026-06-06T06:49:59.273Z,2026-06-06T03:35:39.246Z,2026-06-06T06:49:59.273Z
89,0,knowledge,approved,"{""title"":""怎么还不配送"",""content"":""会员您好，查询到您的订单是选择的【门店自提】，需要您前往对应门店取货哦~"",""keywords"":[""会员您好""],""category"":""通用""}",49,2026-06-06T06:49:59.268Z,2026-06-06T03:35:39.246Z,2026-06-06T06:49:59.268Z
90,0,knowledge,approved,"{""title"":""需要提前下单吗"",""content"":""会员您好，如需提前下单的会在页面提示，如生日蛋糕需要提前1-2天下单，下单后才能在选择日期进行自提哦"",""keywords"":[""会员您好""],""category"":""通用""}",48,2026-06-06T06:49:59.262Z,2026-06-06T03:35:39.246Z,2026-06-06T06:49:59.262Z
91,0,knowledge,approved,"{""title"":""能不能改成配送"",""content"":""非常抱歉会员，如选择了【自提】，就无法更改为物流配送了，还请您谅解"",""keywords"":[""非常抱歉会员"",""如选择了【自提】"",""还请您谅解""],""category"":""通用""}",47,2026-06-06T06:49:56.783Z,2026-06-06T03:35:39.246Z,2026-06-06T06:49:56.783Z
92,0,knowledge,approved,"{""title"":""需要修改地址会员"",""content"":""您好，收货地址不同，交易门店和商品库存可能发生变化，为了保障交易安全与秩序，客服无法为您修改已提交的订单收货地址。您可按照正确的地址重新下单，我们可以为您取消原订单，请确认是否为您取消原订单。"",""keywords"":[""您好"",""收货地址不同""],""category"":""通用""}",46,2026-06-06T06:49:56.776Z,2026-06-06T03:35:39.246Z,2026-06-06T06:49:56.776Z
93,0,knowledge,approved,"{""title"":""会员要求转寄"",""content"":""您好，山姆不提供转寄服务。您可按照您希望送达的目的地重新下单，我们可以为您取消原订单，请确认是否为您取消原订单。"",""keywords"":[""您好""],""category"":""通用""}",45,2026-06-06T06:49:56.770Z,2026-06-06T03:35:39.246Z,2026-06-06T06:49:56.770Z
94,0,knowledge,approved,"{""title"":""非会员进线修改地址"",""content"":""为了交易安全，请您通过下单的会员卡的注册手机号或者下单的会员卡绑定的App账号联系客服处理。"",""keywords"":[""为了交易安全""],""category"":""通用""}",44,2026-06-06T06:49:56.762Z,2026-06-06T03:35:39.246Z,2026-06-06T06:49:56.762Z
95,0,knowledge,approved,"{""title"":""修改手机号"",""content"":""尊敬的会员，下单成功后系统就无法修改手机号了，您可以待物流更新小哥的联系方式后，联系小哥帮您修改配送或取消订单重新下单哦"",""keywords"":[""尊敬的会员""],""category"":""通用""}",43,2026-06-06T06:49:56.756Z,2026-06-06T03:35:39.246Z,2026-06-06T06:49:56.756Z
96,0,knowledge,approved,"{""title"":""备注指定送达时间"",""content"":""亲爱的会员，我们无法备注配送时间，如果您有特殊需求，避免时间差，建议您也可以关注订单全程跟踪物流信息，有配送员电话更新后，您可以与配送员联系确定实际配送情况及您的具体需求，感谢您的理解。"",""keywords"":[""亲爱的会员"",""如果您有特殊需求"",""避免时间差"",""感谢您的理解""],""category"":""通用""}",42,2026-06-06T06:49:56.749Z,2026-06-06T03:35:39.246Z,2026-06-06T06:49:56.749Z
97,0,knowledge,approved,"{""title"":""极速达（配送中）"",""content"":""查看到您的订单已经在配送中了，您可以拒收订单，待商品拒收到仓后，会在24H左右处理您的退款"",""keywords"":[""您可以拒收订单"",""待商品拒收到仓后""],""category"":""通用""}",41,2026-06-06T06:49:56.743Z,2026-06-06T03:35:39.246Z,2026-06-06T06:49:56.743Z
98,0,knowledge,approved,"{""title"":""极速达（未配送）"",""content"":""查看到您的订单还未开始配送，您可以在订单里点击取消订单，订单取消后款项会返还至您支付的账户中"",""keywords"":[""客服""],""category"":""通用""}",40,2026-06-06T06:49:56.736Z,2026-06-06T03:35:39.246Z,2026-06-06T06:49:56.736Z
99,0,knowledge,approved,"{""title"":""全城配&全国配"",""content"":""查看到您的订单已经在配送中了，您可以拒收订单，待商品拒收返回后，会在24H左右处理您的退款"",""keywords"":[""您可以拒收订单"",""待商品拒收返回后""],""category"":""通用""}",39,2026-06-06T06:49:56.730Z,2026-06-06T03:35:39.246Z,2026-06-06T06:49:56.730Z
100,0,knowledge,approved,"{""title"":""全球配"",""content"":""好的会员，收到您的诉求，我们为您催促拦截您的订单，但是可能会拦截不成功，您接到电话后直接拒收就好啦~"",""keywords"":[""好的会员"",""收到您的诉求""],""category"":""通用""}",38,2026-06-06T06:49:56.723Z,2026-06-06T03:35:39.246Z,2026-06-06T06:49:56.723Z
101,0,knowledge,approved,"{""title"":""未签收"",""content"":""会员您好，下单成功后无法修改订单信息，我为您查询配送员电话，您可以联系配送员拒收一下，拒收商品到仓后，预计24H左右为您退款"",""keywords"":[""会员您好"",""拒收商品到仓后""],""category"":""通用""}",37,2026-06-06T06:49:52.137Z,2026-06-06T03:35:39.246Z,2026-06-06T06:49:52.137Z
102,0,knowledge,approved,"{""title"":""已签收（内贸）"",""content"":""会员您好，您的这个情况建议您先申请退货退款，或联系配送小哥先帮您取回"",""keywords"":[""会员您好""],""category"":""通用""}",36,2026-06-06T06:49:52.130Z,2026-06-06T03:35:39.246Z,2026-06-06T06:49:52.130Z
103,0,knowledge,approved,"{""title"":""已签收（全球购）"",""content"":""您的问题我这边已经了解，我会记录您的问题进行反馈，还请您保持手机畅通"",""keywords"":[""客服""],""category"":""通用""}",35,2026-06-06T06:49:52.122Z,2026-06-06T03:35:39.246Z,2026-06-06T06:49:52.122Z
104,0,knowledge,approved,"{""title"":""不愿意自己联系"",""content"":""了解您的情况的，我马上为您反馈处理，但是需要一些时间，为了更好的解决您的问题建议您也可以同步申请退货哦"",""keywords"":[""了解您的情况的"",""但是需要一些时间""],""category"":""通用""}",34,2026-06-06T06:49:52.115Z,2026-06-06T03:35:39.246Z,2026-06-06T06:49:52.115Z
105,0,knowledge,approved,"{""title"":""无电话联系/不知道商品在哪"",""content"":""了解您的情况的，您可以先联系一下配送小哥，我也同步为您记录反馈处理，核实后会有专员电话联系您处理"",""keywords"":[""了解您的情况的""],""category"":""通用""}",33,2026-06-06T06:49:52.109Z,2026-06-06T03:35:39.246Z,2026-06-06T06:49:52.109Z
106,0,knowledge,approved,"{""title"":""快递随便给我放其他地方"",""content"":""非常抱歉给会员您带来了不好的购物体验，您先检查下商品是否齐全，有没有损坏呢？"",""keywords"":[""有没有损坏呢""],""category"":""通用""}",32,2026-06-06T06:49:52.102Z,2026-06-06T03:35:39.246Z,2026-06-06T06:49:52.102Z
107,0,knowledge,approved,"{""title"":""您反馈的这个问题我们也非常重视…"",""content"":""您反馈的这个问题我们也非常重视，我们会马上记录，争取不断优化给会员带来更好的体验"",""keywords"":[""我们会马上记录""],""category"":""通用""}",31,2026-06-06T06:49:52.096Z,2026-06-06T03:35:39.246Z,2026-06-06T06:49:52.096Z
108,0,knowledge,approved,"{""title"":""浪费时间要求赔偿"",""content"":""我理解会员您的心情，换做是我我也会不高兴，您看这样，基于您的会员服务和您的购物体验，为您申请*元网购优惠券，满*.01元即可使用，优惠券不支持叠加使用（门店和全球购商品不支持使用），使用期限60天，24小时内到账，您看可以吗？"",""keywords"":[""您看这样"",""使用期限60天"",""24小时内到账"",""您看可以吗""],""category"":""通用""}",30,2026-06-06T06:49:52.089Z,2026-06-06T03:35:39.246Z,2026-06-06T06:49:52.089Z
109,0,knowledge,approved,"{""title"":""为什么显示拒收"",""content"":""会员您好，为了保证食品安全，如配送员未联系上您会将商品优先退回仓库，商品您是否还需要呢？"",""keywords"":[""会员您好"",""为了保证食品安全""],""category"":""通用""}",29,2026-06-06T06:49:52.082Z,2026-06-06T03:35:39.246Z,2026-06-06T06:49:52.082Z
110,0,knowledge,approved,"{""title"":""配送员没联系我"",""content"":""您可以查看下是否手机开启了骚扰拦截，您别着急，您现在是否还需要商品呢？"",""keywords"":[""您别着急""],""category"":""通用""}",28,2026-06-06T06:49:52.076Z,2026-06-06T03:35:39.246Z,2026-06-06T06:49:52.076Z
111,0,knowledge,approved,"{""title"":""不需要了"",""content"":""好的，了解您的诉求了，商品退回仓库后我们就会为您处理退款，预计24小时左右到账，还请您注意查收"",""keywords"":[""好的"",""了解您的诉求了"",""还请您注意查收""],""category"":""通用""}",17,2026-06-06T06:49:36.476Z,2026-06-06T03:35:39.246Z,2026-06-06T06:49:36.476Z
112,0,knowledge,approved,"{""title"":""还需要"",""content"":""好的，了解您的情况了，您可以先联系配送员让他重新为您配送"",""keywords"":[""好的"",""了解您的情况了""],""category"":""通用""}",16,2026-06-06T06:49:36.470Z,2026-06-06T03:35:39.246Z,2026-06-06T06:49:36.470Z
113,0,knowledge,approved,"{""title"":""用户不愿自己联系/联系不上"",""content"":""好的，那我马上为您反馈，还请您保持手机畅通，配送员配送时会再次电话联系您"",""keywords"":[""好的"",""那我马上为您反馈""],""category"":""通用""}",15,2026-06-06T06:49:36.465Z,2026-06-06T03:35:39.246Z,2026-06-06T06:49:36.465Z
114,0,knowledge,approved,"{""title"":""确认商品是否签收"",""content"":""非常抱歉给您带来了不好的体验，请问现在商品是否拿到了呢？"",""keywords"":[""客服""],""category"":""通用""}",14,2026-06-06T06:49:36.459Z,2026-06-06T03:35:39.246Z,2026-06-06T06:49:36.459Z
115,0,knowledge,approved,"{""title"":""没拿到，要配送员送上来"",""content"":""非常抱歉给您带来了不好的体验，您的这个问题我已经了解，我会马上为您反馈，您保持手机畅通"",""keywords"":[""我会马上为您反馈"",""您保持手机畅通""],""category"":""通用""}",13,2026-06-06T06:49:36.451Z,2026-06-06T03:35:39.246Z,2026-06-06T06:49:36.451Z
116,0,knowledge,approved,"{""title"":""拿到了"",""content"":""嗯嗯，确实抱歉给您带来了不好的体验，您反馈的这个问题我们非常重视，会马上为您记录，完善优化用户体验"",""keywords"":[""嗯嗯"",""会马上为您记录"",""完善优化用户体验""],""category"":""通用""}",12,2026-06-06T06:49:36.443Z,2026-06-06T03:35:39.246Z,2026-06-06T06:49:36.443Z
117,0,knowledge,approved,"{""title"":""用户不认可自己拿快递"",""content"":""基于您的会员服务和您的购物体验，为您申请*元网购优惠券，满*.01元即可使用，优惠券不支持叠加使用（门店和全球购商品不支持使用），使用期限60天，24小时内到账，您看可以吗？"",""keywords"":[""使用期限60天"",""24小时内到账"",""您看可以吗""],""category"":""通用""}",11,2026-06-06T06:49:36.434Z,2026-06-06T03:35:39.246Z,2026-06-06T06:49:36.434Z
118,0,knowledge,approved,"{""title"":""缺少某一样商品"",""content"":""会员您先别着急，请问商品您是当面签收的吗？"",""keywords"":[""会员您先别着急""],""category"":""通用""}",10,2026-06-06T06:49:36.425Z,2026-06-06T03:35:39.246Z,2026-06-06T06:49:36.425Z
119,0,knowledge,approved,"{""title"":""提供信息"",""content"":""您现在方便提供一下【外箱+商品6面的照片或者视频+面单或小票信息】吗？我帮您记录反馈"",""keywords"":[""我帮您记录反馈""],""category"":""通用""}",9,2026-06-06T06:49:36.416Z,2026-06-06T03:35:39.246Z,2026-06-06T06:49:36.416Z
120,0,knowledge,approved,"{""title"":""小票显示**缺货"",""content"":""会员您好，根据您提供的小票显示该商品是缺货的，所以未给您配送，您别担心，系统会与24小时将缺货的商品款项退至您下单的支付方式里"",""keywords"":[""会员您好"",""所以未给您配送"",""您别担心""],""category"":""通用""}",8,2026-06-06T06:49:36.407Z,2026-06-06T03:35:39.246Z,2026-06-06T06:49:36.407Z
121,0,knowledge,approved,"{""title"":""会员订单送错"",""content"":""您现在方便提供一下【外箱+商品6面的照片或者视频+面单或小票信息】吗？我帮您记录反馈"",""keywords"":[""我帮您记录反馈""],""category"":""通用""}",27,2026-06-06T06:49:47.638Z,2026-06-06T03:35:39.246Z,2026-06-06T06:49:47.638Z
122,0,knowledge,approved,"{""title"":""要求补偿"",""content"":""非常抱歉耽误到您的使用了，基于您的会员服务和您的购物体验，为您申请*元网购优惠券，满*.01元即可使用，优惠券不支持叠加使用（门店和全球购商品不支持使用），使用期限60天，24小时内到账，您看可以吗？"",""keywords"":[""使用期限60天"",""24小时内到账"",""您看可以吗""],""category"":""通用""}",26,2026-06-06T06:49:47.631Z,2026-06-06T03:35:39.246Z,2026-06-06T06:49:47.631Z
123,0,knowledge,approved,"{""title"":""进线人未下单收到商品"",""content"":""您现在方便提供一下面单或小票信息吗？我帮您看一下"",""keywords"":[""我帮您看一下""],""category"":""通用""}",25,2026-06-06T06:49:47.625Z,2026-06-06T03:35:39.246Z,2026-06-06T06:49:47.625Z
124,0,knowledge,approved,"{""title"":""（提供了面单小票）非常抱歉打扰…"",""content"":""（提供了面单小票）非常抱歉打扰到您，同时也感谢您的反馈，我也会反馈到相关部门去核实具体情况，辛苦您先将商品保存"",""keywords"":[""客服""],""category"":""通用""}",24,2026-06-06T06:49:47.617Z,2026-06-06T03:35:39.246Z,2026-06-06T06:49:47.617Z
125,0,knowledge,approved,"{""title"":""（没有面单小票）感谢您的反馈由…"",""content"":""（没有面单小票）感谢您的反馈，由于商品没有相关信息可以核实，辛苦您将商品自行处理即可，同时也非常抱歉打扰到您了"",""keywords"":[""客服""],""category"":""通用""}",23,2026-06-06T06:49:47.610Z,2026-06-06T03:35:39.246Z,2026-06-06T06:49:47.610Z
126,0,knowledge,approved,"{""title"":""确认时时效内还是时效外"",""content"":""您的订单号提供一下呢，我马上帮您看看是什么情况哈"",""keywords"":[""客服""],""category"":""通用""}",22,2026-06-06T06:49:47.604Z,2026-06-06T03:35:39.246Z,2026-06-06T06:49:47.604Z
127,0,knowledge,approved,"{""title"":""时效内（签收48H）"",""content"":""非常抱歉给会员带来了不好的购物体验，您方便拍下现在商品的图片，我为您处理吗？"",""keywords"":[""我为您处理吗""],""category"":""通用""}",21,2026-06-06T06:49:47.598Z,2026-06-06T03:35:39.246Z,2026-06-06T06:49:47.598Z
128,0,knowledge,approved,"{""title"":""【外包装破损】抱歉让你久等了查…"",""content"":""【外包装破损】抱歉让你久等了，查看您的商品包装有破损，您检查下商品是否有问题呢，如您保留使用，基于您的会员服务和您的购物体验，为您申请*元网购优惠券，满*.01元即可使用，优惠券不支持叠加使用（门店和全球购商品不支持使用），使用期限60天，24小时内到账，您看可以吗？"",""keywords"":[""如您保留使用"",""使用期限60天"",""24小时内到账"",""您看可以吗""],""category"":""通用""}",20,2026-06-06T06:49:47.590Z,2026-06-06T03:35:39.246Z,2026-06-06T06:49:47.590Z
129,0,knowledge,approved,"{""title"":""【商品破损严重】抱歉让你久等了…"",""content"":""【商品破损严重】抱歉让你久等了，您反馈的这个问题建议您在订单里申请售后，然后重新下单，非常抱歉给您带来不便了"",""keywords"":[""然后重新下单""],""category"":""通用""}",19,2026-06-06T06:49:47.583Z,2026-06-06T03:35:39.246Z,2026-06-06T06:49:47.583Z
130,0,knowledge,approved,"{""title"":""【使用了运费券】您退货的这个情…"",""content"":""【使用了运费券】您退货的这个情况我们已经了解，基于您的会员服务和您的购物体验，为您申请*元网购优惠券，满*.01元即可使用，优惠券不支持叠加使用（门店和全球购商品不支持使用），使用期限60天，24小时内到账，您看可以吗？"",""keywords"":[""使用期限60天"",""24小时内到账"",""您看可以吗""],""category"":""通用""}",18,2026-06-06T06:49:47.577Z,2026-06-06T03:35:39.246Z,2026-06-06T06:49:47.577Z
131,0,knowledge,approved,"{""title"":""选品反馈致谢"",""content"":""感谢您的关注和反馈，我们会反馈到相关部门，感谢您的支持！"",""keywords"":[""感谢您的支持""],""category"":""通用""}",205,2026-06-06T07:35:37.266Z,2026-06-06T07:34:59.935Z,2026-06-06T07:35:37.266Z
132,0,knowledge,approved,"{""title"":""已下架商品咨询-无货说明"",""content"":""抱歉会员，您在app搜索不到该商品，可能是因为您的地址暂时无货了，所以我们做了下架处理，后期商品采购到货，会再次安排上架的，您后期可以关注一下的。"",""keywords"":[""抱歉会员"",""后期商品采购到货"",""会再次安排上架的""],""category"":""通用""}",204,2026-06-06T07:35:37.258Z,2026-06-06T07:34:59.935Z,2026-06-06T07:35:37.258Z
133,0,knowledge,approved,"{""title"":""已下架商品咨询-门店购买建议"",""content"":""如果您比较着急的话，您可以尝试前往门店购买，由于门店库存是实时浮动的 ，前往门店之前您可以先咨询一下门店该商品是否有货哦"",""keywords"":[""客服""],""category"":""通用""}",203,2026-06-06T07:35:37.249Z,2026-06-06T07:34:59.935Z,2026-06-06T07:35:37.249Z
134,0,knowledge,approved,"{""title"":""门店库存查询确认"",""content"":""您好会员，请问是哪个门店呢，我帮您联系门店确认一下"",""keywords"":[""您好会员"",""请问是哪个门店呢""],""category"":""通用""}",202,2026-06-06T07:35:37.239Z,2026-06-06T07:34:59.935Z,2026-06-06T07:35:37.239Z
135,0,knowledge,approved,"{""title"":""门店有货确认提醒"",""content"":""您好会员，刚刚联系门店确认，目前您询问的这个商品现在还有库存，您可以前往购买，由于门店库存是实时浮动的，您前往门店之前需要再联系门店确认一下哦"",""keywords"":[""您好会员"",""刚刚联系门店确认"",""您可以前往购买""],""category"":""通用""}",201,2026-06-06T07:35:37.231Z,2026-06-06T07:34:59.935Z,2026-06-06T07:35:37.231Z
136,0,knowledge,approved,"{""title"":""极速达缺货解释"",""content"":""很抱歉给您带来不便，由于每个区域云仓的库存量不同，当天售完后可能会出现缺货的情况。建议您可以次日再留意看看。"",""keywords"":[""客服""],""category"":""通用""}",200,2026-06-06T07:35:37.222Z,2026-06-06T07:34:59.935Z,2026-06-06T07:35:37.222Z
137,0,knowledge,approved,"{""title"":""全城配缺货致歉"",""content"":""我理解您的心情，确实很抱歉，由于网上商店和实体门店共享库存，且在同步销售商品的。假如您在网站上购买的时候，店里已经有人从货架上买走这个商品。在您订单被拣货的时候会发现商品缺货，我们也期望您能够买到心仪的商品，对于这个情况也恳请您的谅解。"",""keywords"":[""我理解您的心情"",""确实很抱歉""],""category"":""通用""}",199,2026-06-06T07:35:37.213Z,2026-06-06T07:34:59.935Z,2026-06-06T07:35:37.213Z
138,0,knowledge,approved,"{""title"":""补货时间不确定安抚"",""content"":""亲爱的会员您好，确实非常抱歉，目前确实没有具体的补货时间，您如果比较着急，建议您购买相似的产品或者及时关注山姆app~!"",""keywords"":[""亲爱的会员您好"",""确实非常抱歉"",""您如果比较着急""],""category"":""通用""}",198,2026-06-06T07:35:37.204Z,2026-06-06T07:34:59.935Z,2026-06-06T07:35:37.204Z
139,0,knowledge,approved,"{""title"":""预计补货周期及通知"",""content"":""您好，请您不要着急，您无法购买到您心爱的商品，应该是商品暂时缺货了，我们一般会在2周-1个月之内进行补货的，您可以点击页面的到货通知，商品到货的话，您可以收到相关通知~"",""keywords"":[""您好"",""请您不要着急"",""商品到货的话""],""category"":""通用""}",197,2026-06-06T07:35:34.874Z,2026-06-06T07:34:59.935Z,2026-06-06T07:35:34.874Z
140,0,knowledge,approved,"{""title"":""长期无货共情反馈"",""content"":""作为消费者我非常理解会员您的心情，针对您反馈的商品无货问题我们也会记录，不断完善优化会员的体验"",""keywords"":[""客服""],""category"":""通用""}",196,2026-06-06T07:35:34.866Z,2026-06-06T07:34:59.935Z,2026-06-06T07:35:34.866Z
141,0,knowledge,approved,"{""title"":""礼品袋配置说明"",""content"":""您好会员，如果商品有配备礼品袋会在商品详情页显示礼袋配置，有部分商品不配备礼品袋，如您需要也可以尝试备注需要礼品袋，具体以您收到为准，感谢您的支持和理解！"",""keywords"":[""您好会员"",""具体以您收到为准""],""category"":""通用""}",195,2026-06-06T07:35:34.856Z,2026-06-06T07:34:59.935Z,2026-06-06T07:35:34.856Z
142,0,knowledge,approved,"{""title"":""未收到礼品袋解释"",""content"":""由于礼品袋库存有限，先到先得，如果您购买商品时有显示赠送礼品袋，代表还有库存会有礼品袋赠送的，如果没有就没有库存了，还请您谅解"",""keywords"":[""先到先得"",""还请您谅解""],""category"":""通用""}",194,2026-06-06T07:35:34.848Z,2026-06-06T07:34:59.935Z,2026-06-06T07:35:34.848Z
143,0,knowledge,approved,"{""title"":""国补活动咨询"",""content"":""抱歉会员，目前线上未参与国补活动，线下是否有国补活动具体需要您与当地门店确认，您看需要客服为您查询当地门店电话吗？"",""keywords"":[""抱歉会员""],""category"":""通用""}",193,2026-06-06T07:35:34.839Z,2026-06-06T07:34:59.935Z,2026-06-06T07:35:34.839Z
144,0,knowledge,approved,"{""title"":""当前优惠活动查询"",""content"":""会员您好，优惠都已显示在页面，具体以您结算时显示的活动为准哦~"",""keywords"":[""会员您好""],""category"":""通用""}",192,2026-06-06T07:35:34.827Z,2026-06-06T07:34:59.935Z,2026-06-06T07:35:34.827Z
145,0,knowledge,approved,"{""title"":""历史价格差异说明"",""content"":""亲爱的会员您好~不同时间段的价格都不相同，具体价格以您购买时为准哦，后续有任何问题都可以再次联系我们哦~"",""keywords"":[""亲爱的会员您好""],""category"":""通用""}",191,2026-06-06T07:35:34.817Z,2026-06-06T07:34:59.935Z,2026-06-06T07:35:34.817Z
146,0,knowledge,approved,"{""title"":""线上线下活动差异"",""content"":""抱歉会员，由于不同门店的线下活动不同，所以未同步到线上客服处，辛苦您提供一下您的城市和区域，客服帮您查询一下您地区线下门店的电话，您可以联系线下门店咨询一下具体活动~"",""keywords"":[""抱歉会员""],""category"":""通用""}",190,2026-06-06T07:35:34.807Z,2026-06-06T07:34:59.935Z,2026-06-06T07:35:34.807Z
147,0,knowledge,approved,"{""title"":""618大促活动咨询"",""content"":""会员您好，现在已经是618活动期间了，优惠都已显示在页面，具体以您结算时显示的活动为准哦~"",""keywords"":[""会员您好""],""category"":""通用""}",189,2026-06-06T07:35:34.799Z,2026-06-06T07:34:59.935Z,2026-06-06T07:35:34.799Z
148,0,knowledge,approved,"{""title"":""品先试活动规则详解"",""content"":""亲爱的会员您好，品先试活动目前需要近30天在山姆app购买过商品并且订单状态是已完成的状态（不限商品），如果您在活动开始前已购买活动商品但是未发布过该商品的晒单活动，并且订单仍在可评价时间范围内，也可以报名参加同一商品线上品先试活动。活动目前仅支持在山姆app上购买的近30天已完成且符合评价的订单参加，评价要求不小于100字并且上传三张图片。详细规则您可以点击品先试活动规则查看，后续中奖名单会在活动结束后的20个工作日内容公布，感谢您的支持~"",""keywords"":[""亲爱的会员您好"",""感谢您的支持""],""category"":""通用""}",188,2026-06-06T07:35:34.790Z,2026-06-06T07:34:59.935Z,2026-06-06T07:35:34.790Z
149,0,knowledge,approved,"{""title"":""品先试未中选原因反馈"",""content"":""亲爱的会员，抱歉给您带来了不好的体验，品先试活动由人工进行审核，我这边帮您反馈查询您未中奖的原因"",""keywords"":[""亲爱的会员""],""category"":""通用""}",187,2026-06-06T07:35:32.481Z,2026-06-06T07:34:59.935Z,2026-06-06T07:35:32.481Z
150,0,knowledge,approved,"{""title"":""品先试中奖进度查询"",""content"":""亲爱的会员，品先试活动由人工进行审核，请您耐心等待一下~后续中奖名单会在活动结束后的20个工作日内容公布"",""keywords"":[""亲爱的会员"",""请您耐心等待一下""],""category"":""通用""}",186,2026-06-06T07:35:32.472Z,2026-06-06T07:34:59.935Z,2026-06-06T07:35:32.472Z
151,0,knowledge,approved,"{""title"":""内贸商品生产日期说明"",""content"":""会员您好，由于商品的生产批次不同，所以在线无法查询到具体某款产品的生产日期，但是您放心，山姆的商品生产日期都是近期的"",""keywords"":[""会员您好"",""但是您放心""],""category"":""通用""}",185,2026-06-06T07:35:32.463Z,2026-06-06T07:34:59.935Z,2026-06-06T07:35:32.463Z
152,0,knowledge,approved,"{""title"":""全球购商品有效期说明(未购)"",""content"":""您好，商品的到期日需要根据实物商品的批次信息查询，全球购所售商品符合正常售卖期，您可放心下单购买"",""keywords"":[""您好"",""您可放心下单购买""],""category"":""通用""}",184,2026-06-06T07:35:32.454Z,2026-06-06T07:34:59.935Z,2026-06-06T07:35:32.454Z
153,0,knowledge,approved,"{""title"":""美妆及全球购正品保障"",""content"":""您好，美妆产品有效期通常是3年或5年，最终以您实际收到为准。全球购商品均是从海外直接采购，且商品均为海外原装正品，请您放心的"",""keywords"":[""您好"",""请您放心的""],""category"":""通用""}",183,2026-06-06T07:35:32.446Z,2026-06-06T07:34:59.935Z,2026-06-06T07:35:32.446Z
154,0,knowledge,approved,"{""title"":""全球购日期品质保障"",""content"":""您好，山姆按照国家相关规定建立了严格的保质期管理流程，确保在售商品的安全和品质，请您放心。"",""keywords"":[""您好"",""请您放心""],""category"":""通用""}",182,2026-06-06T07:35:32.436Z,2026-06-06T07:34:59.935Z,2026-06-06T07:35:32.436Z
155,0,knowledge,approved,"{""title"":""全球购批次号核实(已购)"",""content"":""亲爱的会员，全球购商品辛苦您提供下订单编号和商品批次号照片（商品批次号在商品的外包装或者内部瓶管身底部，类似英文或者数字钢印）帮您反馈告知"",""keywords"":[""亲爱的会员""],""category"":""通用""}",181,2026-06-06T07:35:32.425Z,2026-06-06T07:34:59.935Z,2026-06-06T07:35:32.425Z
156,0,knowledge,approved,"{""title"":""全球购日期异议安抚"",""content"":""您好，查看您的商品是在质保期之内的，请您放心使用的~关于您反馈的日期问题，我们也会去记录改善的，希望后期能够为您带来好的购物体验"",""keywords"":[""您好"",""请您放心使用的""],""category"":""通用""}",180,2026-06-06T07:35:32.416Z,2026-06-06T07:34:59.935Z,2026-06-06T07:35:32.416Z
157,0,knowledge,approved,"{""title"":""跨境物流周期解释"",""content"":""您好，由于海外商品需要经过跨境运输、 转关、清关、国内派送等过程，仓储物流周期相对较长，商品在有效保质期内，你可放心使用，建议保留"",""keywords"":[""您好"",""转关"",""清关"",""国内派送等过程"",""你可放心使用""],""category"":""通用""}",179,2026-06-06T07:35:32.407Z,2026-06-06T07:34:59.935Z,2026-06-06T07:35:32.407Z
158,0,knowledge,approved,"{""title"":""线上线下价格差异说明"",""content"":""尊敬的会员，您好，山姆会结合各城市情况，在严格遵循国家相关规定的情况下，对个别商品在线下门店实行“店内惊喜“的活动，让会员在山姆门店充分感受到充满惊喜的寻宝式体验。欢迎您到门店体验。"",""keywords"":[""尊敬的会员"",""您好"",""欢迎您到门店体验""],""category"":""通用""}",178,2026-06-06T07:35:32.397Z,2026-06-06T07:34:59.935Z,2026-06-06T07:35:32.397Z
159,0,knowledge,approved,"{""title"":""京东旗舰店价格差异说明"",""content"":""尊敬的会员，您好，因为京东山姆旗舰店与山姆App是两个平台，两个平台的优惠券、订单、活动是不相通的，导致价格有所差异，具体请您以页面显示为准~"",""keywords"":[""尊敬的会员"",""您好"",""两个平台的优惠券"",""订单"",""活动是不相通的""],""category"":""通用""}",177,2026-06-06T07:35:29.196Z,2026-06-06T07:34:59.935Z,2026-06-06T07:35:29.196Z
160,0,knowledge,approved,"{""title"":""退差价资料收集"",""content"":""尊敬的会员，您好，辛苦您提供一下对应订单号和最新降价的图片，我为您核实具体的情况"",""keywords"":[""尊敬的会员"",""您好""],""category"":""通用""}",176,2026-06-06T07:35:29.188Z,2026-06-06T07:34:59.935Z,2026-06-06T07:35:29.188Z
161,0,knowledge,approved,"{""title"":""7天内降价补偿方案(全球购/网购券)"",""content"":""感谢您的反馈，我们特殊为您申请*元全球购优惠券，满xx.1元即可使用，优惠券不支持叠加使用（仅限全球购商品支持使用），使用期限7天，24小时内到账，您看可以吗？"",""keywords"":[""感谢您的反馈"",""使用期限7天"",""24小时内到账"",""您看可以吗""],""category"":""通用""}",175,2026-06-06T07:35:29.177Z,2026-06-06T07:34:59.935Z,2026-06-06T07:35:29.177Z
162,0,knowledge,approved,"{""title"":""7天内降价补偿方案(普通网购券)"",""content"":""基于您的会员服务和您的购物体验，帮您尝试申请*网购优惠券，满xx.1元即可使用，优惠券不支持叠加使用（门店和全球购商品不支持使用），使用期限60天，24小时内到账，您看可以吗？"",""keywords"":[""使用期限60天"",""24小时内到账"",""您看可以吗""],""category"":""通用""}",174,2026-06-06T07:35:29.167Z,2026-06-06T07:34:59.935Z,2026-06-06T07:35:29.167Z
163,0,knowledge,approved,"{""title"":""30天内降价解释及核实"",""content"":""山姆全球购秉承“帮顾客节省每一分钱”的宗旨，商品定价致力于做到全面让利消费者，长期保持优惠价格。但随着市场的变化，价格可能会有变动。"",""keywords"":[""长期保持优惠价格"",""但随着市场的变化"",""价格可能会有变动""],""category"":""通用""}",173,2026-06-06T07:35:29.157Z,2026-06-06T07:34:59.935Z,2026-06-06T07:35:29.157Z
164,0,knowledge,approved,"{""title"":""30天内降价资料收集"",""content"":""抱歉给您带来不好的体验了，辛苦您提供商品降价的图片，客服为您核实"",""keywords"":[""客服为您核实""],""category"":""通用""}",172,2026-06-06T07:35:29.147Z,2026-06-06T07:34:59.935Z,2026-06-06T07:35:29.147Z
165,0,knowledge,approved,"{""title"":""30天内降价升级处理"",""content"":""您好，关于您反馈的问题，已经帮您反馈，辛苦您耐心等待后续专员给您处理。"",""keywords"":[""您好"",""关于您反馈的问题"",""已经帮您反馈""],""category"":""通用""}",171,2026-06-06T07:35:29.137Z,2026-06-06T07:34:59.935Z,2026-06-06T07:35:29.137Z
166,0,knowledge,approved,"{""title"":""超30天降价解释安抚"",""content"":""山姆全球购秉承“帮顾客节省每一分钱”的宗旨，商品定价致力于做到全面让利消费者，长期保持优惠价格。但随着市场的变化，价格可能会有变动。感谢您的理解与支持，祝您生活愉快！"",""keywords"":[""长期保持优惠价格"",""但随着市场的变化"",""价格可能会有变动"",""祝您生活愉快""],""category"":""通用""}",170,2026-06-06T07:35:29.129Z,2026-06-06T07:34:59.935Z,2026-06-06T07:35:29.129Z
167,0,knowledge,approved,"{""title"":""未发货订单重下建议"",""content"":""您好，目前山姆暂无价保服务，查询到您的订单暂时未发货，您可以尝试取消订单重新下单选购更优惠的产品哦~"",""keywords"":[""您好""],""category"":""通用""}",169,2026-06-06T07:35:29.119Z,2026-06-06T07:34:59.935Z,2026-06-06T07:35:29.119Z
168,0,knowledge,approved,"{""title"":""已发货/不可取消订单价格波动说明"",""content"":""抱歉会员，商品价格会随货量变化及市场情况会有波动，有涨价、降价及优惠促销等变化，您可以实时关注app更新，感谢您的支持与理解。"",""keywords"":[""抱歉会员"",""有涨价""],""category"":""通用""}",168,2026-06-06T07:35:29.110Z,2026-06-06T07:34:59.935Z,2026-06-06T07:35:29.110Z
169,0,knowledge,approved,"{""title"":""7天内小额降价补偿方案"",""content"":""基于您的会员服务和您的购物体验，帮您尝试申请*网购优惠券，满xx.01元即可使用，优惠券不支持叠加使用（门店和全球购商品不支持使用），使用期限60天，24小时内到账，您看可以吗？"",""keywords"":[""使用期限60天"",""24小时内到账"",""您看可以吗""],""category"":""通用""}",167,2026-06-06T07:35:26.942Z,2026-06-06T07:34:59.935Z,2026-06-06T07:35:26.942Z
170,0,knowledge,approved,"{""title"":""超时效/大额降价升级处理"",""content"":""抱歉给您带来不好的体验了，关于您反馈的问题，已经帮您反馈，辛苦您耐心等待后续专员给尽快联系您处理。"",""keywords"":[""关于您反馈的问题"",""已经帮您反馈""],""category"":""通用""}",166,2026-06-06T07:35:26.933Z,2026-06-06T07:34:59.935Z,2026-06-06T07:35:26.933Z
171,0,knowledge,approved,"{""title"":""发票开具方式指引"",""content"":""您在山姆会员商店购物时"",""keywords"":[""客服""],""category"":""通用""}",165,2026-06-06T07:35:26.924Z,2026-06-06T07:34:59.935Z,2026-06-06T07:35:26.924Z
172,0,knowledge,approved,"{""title"":""合并开票限制说明"",""content"":""会员您好，不支持合并开具发票"",""keywords"":[""会员您好""],""category"":""通用""}",164,2026-06-06T07:35:26.915Z,2026-06-06T07:34:59.935Z,2026-06-06T07:35:26.915Z
173,0,knowledge,approved,"{""title"":""发票审核时效说明"",""content"":""尊敬的会员，您好！如您填写的发票信息无误，电子发票一般为24-48小时内审核，填写的发票信息审核通过后将会发送至您的邮箱内~~"",""keywords"":[""尊敬的会员"",""您好""],""category"":""通用""}",163,2026-06-06T07:35:26.906Z,2026-06-06T07:34:59.935Z,2026-06-06T07:35:26.906Z
174,0,knowledge,approved,"{""title"":""首次修改发票信息指引"",""content"":""您可以在App内点击【个人中心】-【我的订单】-【全部订单】-【申请发票】 进行修改哦"",""keywords"":[""进行修改哦""],""category"":""通用""}",162,2026-06-06T07:35:26.897Z,2026-06-06T07:34:59.935Z,2026-06-06T07:35:26.897Z
175,0,knowledge,approved,"{""title"":""二次修改发票信息收集"",""content"":""您好，请您提供一下需要开票订单号、交易流水号/TC号、发票抬头、税号、需要修改的信息、作废的发票号码、发送邮箱，帮您反馈处理。"",""keywords"":[""您好"",""发票抬头"",""税号"",""需要修改的信息"",""作废的发票号码""],""category"":""通用""}",161,2026-06-06T07:35:26.888Z,2026-06-06T07:34:59.935Z,2026-06-06T07:35:26.888Z
176,0,knowledge,approved,"{""title"":""福利采购申请入口指引"",""content"":""您好，如果您需要批量采购可以登录山姆APP，点击右下角“我的”-“我的服务”-“福利采购”-“立即申请”。按照页面提示填写相关信息并提交，提交后会有专员与您联系。感谢您的耐心等待，我们将尽快为您服务！"",""keywords"":[""您好"",""感谢您的耐心等待""],""category"":""通用""}",160,2026-06-06T07:35:26.880Z,2026-06-06T07:34:59.935Z,2026-06-06T07:35:26.880Z
177,0,knowledge,approved,"{""title"":""福利采购信息收集模板"",""content"":""尊敬的会员，您好，已经收到您的反馈，辛苦您提交一下以下信息<br>1、联系人姓名：<br>2、公司名称：<br>3、意向门店：<br>4、联系电话：<br>5、期望购买商品/类别<br>6、金额与份数<br>后续会有专员联系您~"",""keywords"":[""尊敬的会员"",""您好"",""已经收到您的反馈"",""联系人姓名"",""<br>2""],""category"":""通用""}",159,2026-06-06T07:35:26.871Z,2026-06-06T07:34:59.935Z,2026-06-06T07:35:26.871Z
178,0,knowledge,approved,"{""title"":""采购优惠咨询引导"",""content"":""会员您好，采购的优惠由对应部门的同事负责，您可以按照我给您的路径进行填写，后期专员会联系您沟通的"",""keywords"":[""会员您好""],""category"":""通用""}",158,2026-06-06T07:35:26.863Z,2026-06-06T07:34:59.935Z,2026-06-06T07:35:26.863Z
179,0,knowledge,approved,"{""title"":""限购规则解释"",""content"":""您好，您的订单中存在限购商品，同一购买人购买数量已超限购数量，限购维度不仅限于同一会员卡号，还包括同一设备、同一收货手机号，具体限购规则请见商品详情页~"",""keywords"":[""您好"",""还包括同一设备"",""同一收货手机号""],""category"":""通用""}",157,2026-06-06T07:35:24.980Z,2026-06-06T07:34:59.935Z,2026-06-06T07:35:24.980Z
180,0,knowledge,approved,"{""title"":""Member's Mark品牌介绍"",""content"":""尊敬的会员，您好<br>山姆推出全新升级、为会员专属定质的Member's Mark自有品牌。基于对会员的深度洞察以及20多年服务中国会员的经验，山姆在全球进行商品开发"",""keywords"":[""尊敬的会员"",""Mark自有品牌""],""category"":""通用""}",156,2026-06-06T07:35:24.971Z,2026-06-06T07:34:59.935Z,2026-06-06T07:35:24.971Z
181,0,knowledge,approved,"{""title"":""商品推荐/对比免责引导"",""content"":""亲爱的会员，每个人体质不同，所以适合的商品也不一样，建议您咨询商家客服~"",""keywords"":[""亲爱的会员"",""每个人体质不同""],""category"":""通用""}",155,2026-06-06T07:35:24.962Z,2026-06-06T07:34:59.935Z,2026-06-06T07:35:24.962Z
182,0,knowledge,approved,"{""title"":""商品参数缺失引导"",""content"":""非常抱歉，您咨询的这个商品参数我们暂时没有核实到，具体的信息您可以联系商家客服确认一下~~"",""keywords"":[""非常抱歉""],""category"":""通用""}",154,2026-06-06T07:35:24.954Z,2026-06-06T07:34:59.935Z,2026-06-06T07:35:24.954Z
183,0,knowledge,approved,"{""title"":""商品区别查询引导"",""content"":""亲爱的会员，由于我们没有详细的参数信息，暂时无法为您查询具体区别，建议您咨询专业的商家客服~"",""keywords"":[""亲爱的会员""],""category"":""通用""}",153,2026-06-06T07:35:24.945Z,2026-06-06T07:34:59.935Z,2026-06-06T07:35:24.945Z
184,0,knowledge,approved,"{""title"":""红酒整箱购买建议"",""content"":""尊敬的会员，线上购买都是仓库，根据现有的一个打包条件，进行打包拣货的，如有整箱打包要求，建议您提前门店咨询购买哦~"",""keywords"":[""尊敬的会员"",""线上购买都是仓库"",""进行打包拣货的"",""如有整箱打包要求""],""category"":""通用""}",152,2026-06-06T07:35:24.936Z,2026-06-06T07:34:59.935Z,2026-06-06T07:35:24.936Z
185,0,knowledge,approved,"{""title"":""全球购优惠券发放话术"",""content"":""基于您的会员服务和您的购物体验，为您申请XX元全球购网购券，满XXX.1元即可使用，优惠券不支持叠加使用（仅限全球购商品使用），使用期限7天，24小时内到账，您看可以吗？"",""keywords"":[""使用期限7天"",""24小时内到账"",""您看可以吗""],""category"":""通用""}",151,2026-06-06T07:35:24.925Z,2026-06-06T07:34:59.935Z,2026-06-06T07:35:24.925Z
186,0,knowledge,approved,"{""title"":""普通网购优惠券发放话术"",""content"":""基于您的会员服务和您的购物体验，为您申请XX元网购优惠券，满XX.01元即可使用，优惠券不支持叠加使用（门店和全球购商品不支持使用），使用期限60天，24小时内到账，您看可以吗？"",""keywords"":[""使用期限60天"",""24小时内到账"",""您看可以吗""],""category"":""通用""}",150,2026-06-06T07:35:24.913Z,2026-06-06T07:34:59.935Z,2026-06-06T07:35:24.913Z
187,0,knowledge,approved,"{""title"":""优惠券过期无法补发"",""content"":""亲爱的会员，非常抱歉，因个人未使用原因导致的过期，无法补优惠券的"",""keywords"":[""亲爱的会员"",""非常抱歉"",""无法补优惠券的""],""category"":""通用""}",149,2026-06-06T07:35:24.902Z,2026-06-06T07:34:59.935Z,2026-06-06T07:35:24.902Z
188,0,knowledge,approved,"{""title"":""包装费收取标准解释"",""content"":""尊敬的会员，您好<br>为了确保商品能妥善配送到您的手中，您的订单将使用塑料袋进行包装，按照国家“限塑令”要求，我们需使用塑料袋有偿提供包装服务，收费标准为1元/单；<br>如您选购的商品需要低温保存，为了保证商品在配送过程的温度，我们将使用冷链包装，通过保温袋或冰袋对商品进行全程保温，相应的，我们将额外收取1元包装费用，感谢理解。"",""keywords"":[""尊敬的会员"",""相应的"",""感谢理解""],""category"":""通用""}",148,2026-06-06T07:35:24.894Z,2026-06-06T07:34:59.935Z,2026-06-06T07:35:24.894Z
189,0,knowledge,approved,"{""title"":""退包装费补偿方案"",""content"":""基于您的会员服务和您的购物体验，为您申请5元网购优惠券，满5.01元即可使用，优惠券不支持叠加使用（门店和全球购商品不支持使用），使用期限60天，24小时内到账，您看可以吗？"",""keywords"":[""使用期限60天"",""24小时内到账"",""您看可以吗""],""category"":""通用""}",147,2026-06-06T07:35:21.785Z,2026-06-06T07:34:59.935Z,2026-06-06T07:35:21.785Z
190,0,knowledge,approved,"{""title"":""全球购优惠券补偿话术"",""content"":""基于您的会员服务和您的购物体验，为您申请XX元全球购网购券，满XX.1元即可使用，优惠券不支持叠加使用（仅限全球购商品使用），使用期限7天，24小时内到账，您看可以吗？"",""keywords"":[""使用期限7天"",""24小时内到账"",""您看可以吗""],""category"":""通用""}",146,2026-06-06T07:35:21.776Z,2026-06-06T07:34:59.935Z,2026-06-06T07:35:21.776Z
191,0,knowledge,approved,"{""title"":""网购优惠券补偿话术"",""content"":""优基于您的会员服务和您的购物体验，为您申请XX元网购优惠券，满XX.01元即可使用，优惠券不支持叠加使用（门店和全球购商品不支持使用），使用期限60天，24小时内到账，您看可以吗？"",""keywords"":[""使用期限60天"",""24小时内到账"",""您看可以吗""],""category"":""通用""}",145,2026-06-06T07:35:21.768Z,2026-06-06T07:34:59.935Z,2026-06-06T07:35:21.768Z
192,0,knowledge,approved,"{""title"":""会员同意方案后续跟进"",""content"":""感谢您的理解了，我这边给您反馈专员申请发放，预计24小时内到账，辛苦您耐心等待下"",""keywords"":[""感谢您的理解了"",""辛苦您耐心等待下""],""category"":""通用""}",144,2026-06-06T07:35:21.757Z,2026-06-06T07:34:59.935Z,2026-06-06T07:35:21.757Z
193,0,knowledge,approved,"{""title"":""用户长时间未响应保留方案"",""content"":""会员，因您长时间无响应，暂不帮您进行优惠券的申请，但该方案可为您保留。若您需要，也可后续联系我们进行处理"",""keywords"":[""会员"",""因您长时间无响应"",""若您需要""],""category"":""通用""}",143,2026-06-06T07:35:21.748Z,2026-06-06T07:34:59.935Z,2026-06-06T07:35:21.748Z
194,0,knowledge,approved,"{""title"":""商品评价路径指引"",""content"":""【登录山姆会员商店App】--点击右下角【我的】-【待评价】里对商品进行评价"",""keywords"":[""客服""],""category"":""通用""}",142,2026-06-06T07:35:21.739Z,2026-06-06T07:34:59.935Z,2026-06-06T07:35:21.739Z
195,0,knowledge,approved,"{""title"":""追加评价规则及路径"",""content"":""会员可在订单完成后14日内对所购商品作出首次评价晒单，评价后30日内进行追加评价<br>追评路径：【登录山姆会员商店App】--点击右下角【我的】-【待评价】-【已评价】进行追评"",""keywords"":[""客服""],""category"":""通用""}",141,2026-06-06T07:35:21.728Z,2026-06-06T07:34:59.935Z,2026-06-06T07:35:21.728Z
196,0,knowledge,approved,"{""title"":""亲友代提规则说明"",""content"":""您好会员，目前门店自提蛋糕可以支持亲友代提，需凭会员本人的自提码或短信信息代提，代提人需前往门店会员服务中心办理领取手续。部分门店可能要求非会员代提时需提供会员卡号或手机号验证，您可以在自提前先联系门店查询具体代提情况"",""keywords"":[""您好会员""],""category"":""通用""}",140,2026-06-06T07:35:21.719Z,2026-06-06T07:34:59.935Z,2026-06-06T07:35:21.719Z
197,0,knowledge,approved,"{""title"":""身份信息验证失败处理"",""content"":""麻烦会员下载APP“掌上海关”/小程序，在“跨境电商个人消费信息”里面“跨境电商个人交易确认”里验证"",""keywords"":[""客服""],""category"":""通用""}",139,2026-06-06T07:35:21.710Z,2026-06-06T07:34:59.935Z,2026-06-06T07:35:21.710Z
198,0,knowledge,approved,"{""title"":""全球购正品保障承诺"",""content"":""您好，我们的商品都是正品的 这个请您放心的，全球购商品均是从海外直接采购，且商品均为海外原装正品，且需要以您的身份证信息报关进行审核才可到达国内，请您放心的"",""keywords"":[""您好"",""这个请您放心的"",""请您放心的""],""category"":""通用""}",138,2026-06-06T07:35:21.700Z,2026-06-06T07:34:59.935Z,2026-06-06T07:35:21.700Z
199,11,knowledge,approved,"{""title"":""自提商品服务流程"",""content"":""客户询问蛋糕或自提商品时，首先确认订单中的自提门店信息，直接告知客户门店名称或地址。若无法从订单中获取，应主动说明可以帮忙查询门店电话，并引导客户提供订单号或相关信息以便查询。"",""keywords"":[""自提"",""蛋糕"",""门店信息"",""订单查询""],""category"":""售后""}",207,2026-06-06T14:16:13.056Z,2026-06-06T14:15:02.673Z,2026-06-06T14:16:13.056Z
200,11,knowledge,approved,"{""title"":""门店电话查询方法"",""content"":""客服需要熟悉门店电话查询渠道（如内部系统、门店列表、上级查询等），能够快速准确提供门店联系电话，确保客户能联系门店完成自提。"",""keywords"":[""门店电话"",""查询"",""联系方式""],""category"":""通用""}",206,2026-06-06T14:16:13.043Z,2026-06-06T14:15:02.673Z,2026-06-06T14:16:13.043Z
201,11,rule,approved,"{""name"":""自提门店信息提供规则"",""trigger"":""客户询问蛋糕或自提商品，并询问具体门店或需要自提指引时"",""triggerKeywords"":[""蛋糕"",""自提"",""门店"",""在哪自提"",""自提点""],""action"":""优先从订单中查询自提门店信息直接告知客户；若无法确定，则主动说明可为客户查询门店电话，并引导客户提供订单号等必要信息。"",""priority"":90,""riskLevel"":""low""}",4,2026-06-06T14:16:13.034Z,2026-06-06T14:15:02.673Z,2026-06-06T14:16:13.034Z
202,11,script,approved,"{""scene"":""客户询问蛋糕自提门店"",""content"":""您好，您查询的蛋糕/自提商品是在【门店名称】门店自提的。如果您需要联系门店，我可以帮您查询门店电话，请稍等。"",""tone"":""friendly""}",5,2026-06-06T14:16:13.025Z,2026-06-06T14:15:02.673Z,2026-06-06T14:16:13.025Z
203,11,script,approved,"{""scene"":""客户询问自提商品但未提供订单信息"",""content"":""您好，为了帮您确认具体的自提门店，请提供您的订单号，我这边可以为您查询门店信息或电话。"",""tone"":""professional""}",4,2026-06-06T14:16:13.016Z,2026-06-06T14:15:02.673Z,2026-06-06T14:16:13.016Z
204,11,risk_tip,approved,"{""scene"":""客户询问自提门店时未确认订单信息"",""content"":""在未确认客户订单归属门店前，不要随意给出不确定的门店信息，以免客户跑错地方造成不满。应引导客户提供订单号或核实身份后，再提供准确门店信息或电话。""}",5,2026-06-06T14:16:13.005Z,2026-06-06T14:15:02.673Z,2026-06-06T14:16:13.005Z
205,11,risk_tip,approved,"{""scene"":""提供门店电话时信息过时或错误"",""content"":""提供的门店电话必须从最新内部渠道获取，避免使用旧号码或网络查找，防止客户无法联系到门店导致投诉。""}",4,2026-06-06T14:16:12.991Z,2026-06-06T14:15:02.674Z,2026-06-06T14:16:12.991Z
206,12,knowledge,pending,"{""title"":""订单查询流程"",""content"":""客户提供订单号后，客服需先确认收到订单号（可复述订单号后四位以核对），然后告知客户正在查询，预计等待时间（如“稍等片刻”），并尽快完成查询。"",""keywords"":[""订单号"",""查询流程"",""确认收到""],""category"":""通用""}",,,2026-06-07T08:26:49.970Z,2026-06-07T08:26:49.970Z
207,12,knowledge,pending,"{""title"":""客户等待管理"",""content"":""客户在提供订单号后通常期望立即得到回应，因此客服应在2秒内回复确认信息，并给出明确等待信号，避免冷场或客户重复提问。"",""keywords"":[""等待"",""响应速度"",""安抚""],""category"":""沟通技巧""}",,,2026-06-07T08:26:49.970Z,2026-06-07T08:26:49.970Z
208,12,knowledge,pending,"{""title"":""订单号隐私保护"",""content"":""订单号属于客户隐私信息，客服不得在公开渠道（如聊天室、群聊）完整暴露，建议仅回复“已收到您提供的订单号”而不必完整复述，或在确认时只显示部分数字。"",""keywords"":[""隐私"",""信息安全"",""订单号保护""],""category"":""安全合规""}",,,2026-06-07T08:26:49.970Z,2026-06-07T08:26:49.970Z
209,12,rule,approved,"{""name"":""收到订单号自动回复规则"",""trigger"":""客户在聊天中发送明显为订单号的字符串（如纯数字、字母数字组合，长度8-20位）"",""triggerKeywords"":[""订单号"",""下单编号"",""订单编号"",""order"",""很多数字""],""action"":""立即回复确认话术：“好的，收到您的订单号了，请您稍等片刻，这边马上为您查询”。同时将订单号提取到后台查询队列，避免重复回复。"",""priority"":90,""riskLevel"":""low""}",5,2026-06-07T08:27:48.735Z,2026-06-07T08:26:49.970Z,2026-06-07T08:27:48.735Z
210,12,rule,pending,"{""name"":""订单号隐私保护规则"",""trigger"":""客服准备在公共区域回复包含完整订单号的文字"",""triggerKeywords"":[""订单号"",""您提供的订单号"",""您的订单""],""action"":""自动屏蔽或替换订单号中间部分（如只显示前4位和后4位），仅在与客户一对一私聊时允许显示完整。"",""priority"":100,""riskLevel"":""high""}",,,2026-06-07T08:26:49.970Z,2026-06-07T08:26:49.970Z
211,12,script,approved,"{""scene"":""客户首次提供订单号（无其他上下文）"",""content"":""好的，收到您的订单号了，请您稍等片刻，这边马上为您查询。"",""tone"":""polite""}",7,2026-06-07T08:27:39.231Z,2026-06-07T08:26:49.970Z,2026-06-07T08:27:39.231Z
212,12,script,pending,"{""scene"":""客户在催促时提供订单号"",""content"":""确认收到您的订单号，非常抱歉让您久等，我立刻为您查询，预计需要1-2分钟。"",""tone"":""friendly""}",,,2026-06-07T08:26:49.970Z,2026-06-07T08:26:49.970Z
213,12,script,approved,"{""scene"":""客户提供订单号并附带其他问题"",""content"":""好的，已收到您的订单号，我先查询订单状态，稍后同步回答您的其他问题。"",""tone"":""professional""}",6,2026-06-07T08:27:35.997Z,2026-06-07T08:26:49.970Z,2026-06-07T08:27:35.997Z
214,12,risk_tip,pending,"{""scene"":""在群聊或多人对话中回复客户订单号"",""content"":""风险：客户订单号可能被其他用户看到，造成隐私泄露。正确做法：私聊回复客户，或仅回复“已收到您提供的订单号”，避免在公开区域复述完整号码。""}",,,2026-06-07T08:26:49.970Z,2026-06-07T08:26:49.970Z
215,12,risk_tip,pending,"{""scene"":""客户提供订单号后长时间无响应"",""content"":""风险：客户因等待时间过长而升级投诉。建议在回复话术中明确等待时间（如“稍等片刻”/“1-2分钟”），若查询时间超预期，需主动告知客户进展。""}",,,2026-06-07T08:26:49.970Z,2026-06-07T08:26:49.970Z
216,12,risk_tip,pending,"{""scene"":""客户订单号格式异常（如全零、纯字母）"",""content"":""风险：可能不是有效订单号，或客户发错了。客服应礼貌请客户核对后重新提供，避免盲目查询浪费时间。""}",,,2026-06-07T08:26:49.970Z,2026-06-07T08:26:49.970Z
